<?xml version="1.0" encoding="UTF-8" ?>

<!--

    Licensed to the Apache Software Foundation (ASF) under one
    or more contributor license agreements.  See the NOTICE file
    distributed with this work for additional information
    regarding copyright ownership.  The ASF licenses this file
    to you under the Apache License, Version 2.0 (the
    "License"); you may not use this file except in compliance
    with the License.  You may obtain a copy of the License at

      http://www.apache.org/licenses/LICENSE-2.0

    Unless required by applicable law or agreed to in writing,
    software distributed under the License is distributed on an
    "AS IS" BASIS, WITHOUT WARRANTIES OR CONDITIONS OF ANY
    KIND, either express or implied.  See the License for the
    specific language governing permissions and limitations
    under the License.

-->

<!DOCTYPE struts-config PUBLIC
          "-//Apache Software Foundation//DTD Struts Configuration 1.3//EN"
          "http://jakarta.apache.org/struts/dtds/struts-config_1_3.dtd">


<struts-config>
    <form-beans>
    
    </form-beans>
    
    <global-exceptions>
    
    </global-exceptions>

    <global-forwards>
        <forward name="welcome"  path="/Welcome.do"/>
    </global-forwards>

    <action-mappings>
        <action path="/Welcome" forward="/welcomeStruts.jsp"/>
    </action-mappings>
    
    <controller processorClass="org.apache.struts.tiles.TilesRequestProcessor"/>

    <message-resources parameter="com/myapp/struts/ApplicationResource"/>    
    
    <!-- ========================= Tiles plugin ===============================-->
    <!--
    This plugin initialize Tiles definition factory. This later can takes some
    parameters explained here after. The plugin first read parameters from
    web.xml, thenoverload them with parameters defined here. All parameters
    are optional.
    The plugin should be declared in each struts-config file.
    - definitions-config: (optional)
    Specify configuration file names. There can be several comma
    separated file names (default: ?? )
    - moduleAware: (optional - struts1.1)
    Specify if the Tiles definition factory is module aware. If true
    (default), there will be one factory for each Struts module.
    If false, there will be one common factory for all module. In this
    later case, it is still needed to declare one plugin per module.
    The factory will be initialized with parameters found in the first
    initialized plugin (generally the one associated with the default
    module).
    true : One factory per module. (default)
    false : one single shared factory for all modules
    - definitions-parser-validate: (optional)
    Specify if xml parser should validate the Tiles configuration file.
    true : validate. DTD should be specified in file header (default)
    false : no validation

    Paths found in Tiles definitions are relative to the main context.
    -->
    <plug-in className="org.apache.struts.tiles.TilesPlugin" >
        <set-property property="definitions-config" value="/WEB-INF/tiles-defs.xml" />      
        <set-property property="moduleAware" value="true" />
    </plug-in>
    
    <!-- ========================= Validator plugin ================================= -->
    <plug-in className="org.apache.struts.validator.ValidatorPlugIn">
        <set-property
            property="pathnames"
            value="/WEB-INF/validator-rules.xml,/WEB-INF/validation.xml"/>
    </plug-in>
  
</struts-config>
